"Keyword","Intent","Funnel Stage","Topic Cluster","Target Market","Brand/Non-brand","Estimated Competition","Verified Metrics Source","Primary URL","Secondary URL","Current Ranking","Opportunity","Notes"
"GlowWithSH","Navigational","Decision","Brand","India","Brand","Directional only: unmeasured; broad non-brand likely more competitive","No Keyword Planner / GSC / paid SEO metrics access","https://www.glowwithsh.com/","","Unverified","Qualitative priority: branded/product first; broad category next",""
"GlowWithSH Shagufi Hussain","Navigational","Decision","Founder","India","Brand","Directional only: unmeasured; broad non-brand likely more competitive","No Keyword Planner / GSC / paid SEO metrics access","https://www.glowwithsh.com/founder","","Unverified","Qualitative priority: branded/product first; broad category next",""
"GlowWithSH products price","Transactional","Decision","Catalog","India","Brand","Directional only: unmeasured; broad non-brand likely more competitive","No Keyword Planner / GSC / paid SEO metrics access","https://www.glowwithsh.com/shop","","Unverified","Qualitative priority: branded/product first; broad category next",""
"creams online India","Commercial","Consideration","Creams","India","Non-brand","Directional only: unmeasured; broad non-brand likely more competitive","No Keyword Planner / GSC / paid SEO metrics access","https://www.glowwithsh.com/shop/category/creams","","Unverified","Qualitative priority: branded/product first; broad category next","Qualitative intent hypothesis, not measured search demand"
"serums online India","Commercial","Consideration","Serums","India","Non-brand","Directional only: unmeasured; broad non-brand likely more competitive","No Keyword Planner / GSC / paid SEO metrics access","https://www.glowwithsh.com/shop/category/serums","","Unverified","Qualitative priority: branded/product first; broad category next","Qualitative intent hypothesis, not measured search demand"
"body care online India","Commercial","Consideration","Body Care","India","Non-brand","Directional only: unmeasured; broad non-brand likely more competitive","No Keyword Planner / GSC / paid SEO metrics access","https://www.glowwithsh.com/shop/category/body-care","","Unverified","Qualitative priority: branded/product first; broad category next","Qualitative intent hypothesis, not measured search demand"
"face care online India","Commercial","Consideration","Face Care","India","Non-brand","Directional only: unmeasured; broad non-brand likely more competitive","No Keyword Planner / GSC / paid SEO metrics access","https://www.glowwithsh.com/shop/category/face-care","","Unverified","Qualitative priority: branded/product first; broad category next","Qualitative intent hypothesis, not measured search demand"
"GlowWithSH Golden facewash price","Transactional","Decision","Face Care","India","Brand","Directional only: unmeasured; broad non-brand likely more competitive","No Keyword Planner / GSC / paid SEO metrics access","https://www.glowwithsh.com/product/golden-facewash","","Unverified","Qualitative priority: branded/product first; broad category next","Catalog name retained; do not turn whitening/acne/SPF names into unsupported efficacy claims"
"Golden facewash online India","Transactional","Decision","Face Care","India","Non-brand","Directional only: unmeasured; broad non-brand likely more competitive","No Keyword Planner / GSC / paid SEO metrics access","https://www.glowwithsh.com/product/golden-facewash","","Unverified","Qualitative priority: branded/product first; broad category next","Product-name hypothesis; claims/label evidence required"
"GlowWithSH Combo for All skin problems pigmentation / hyperpigmentation / dark circles / uneven skin tone price","Transactional","Decision","Face Care","India","Brand","Directional only: unmeasured; broad non-brand likely more competitive","No Keyword Planner / GSC / paid SEO metrics access","https://www.glowwithsh.com/product/combo-all-skin-problems","","Unverified","Qualitative priority: branded/product first; broad category next","Catalog name retained; do not turn whitening/acne/SPF names into unsupported efficacy claims"
"Combo for All skin problems pigmentation / hyperpigmentation / dark circles / uneven skin tone online India","Transactional","Decision","Face Care","India","Non-brand","Directional only: unmeasured; broad non-brand likely more competitive","No Keyword Planner / GSC / paid SEO metrics access","https://www.glowwithsh.com/product/combo-all-skin-problems","","Unverified","Qualitative priority: branded/product first; broad category next","Product-name hypothesis; claims/label evidence required"
"GlowWithSH Big Bridal glow cream price","Transactional","Decision","Creams","India","Brand","Directional only: unmeasured; broad non-brand likely more competitive","No Keyword Planner / GSC / paid SEO metrics access","https://www.glowwithsh.com/product/big-bridal-glow-cream","","Unverified","Qualitative priority: branded/product first; broad category next","Catalog name retained; do not turn whitening/acne/SPF names into unsupported efficacy claims"
"Big Bridal glow cream online India","Transactional","Decision","Creams","India","Non-brand","Directional only: unmeasured; broad non-brand likely more competitive","No Keyword Planner / GSC / paid SEO metrics access","https://www.glowwithsh.com/product/big-bridal-glow-cream","","Unverified","Qualitative priority: branded/product first; broad category next","Product-name hypothesis; claims/label evidence required"
"GlowWithSH Big extra whitening night cream price","Transactional","Decision","Creams","India","Brand","Directional only: unmeasured; broad non-brand likely more competitive","No Keyword Planner / GSC / paid SEO metrics access","https://www.glowwithsh.com/product/big-extra-whitening-night-cream","","Unverified","Qualitative priority: branded/product first; broad category next","Catalog name retained; do not turn whitening/acne/SPF names into unsupported efficacy claims"
"Big extra whitening night cream online India","Transactional","Decision","Creams","India","Non-brand","Directional only: unmeasured; broad non-brand likely more competitive","No Keyword Planner / GSC / paid SEO metrics access","https://www.glowwithsh.com/product/big-extra-whitening-night-cream","","Unverified","Qualitative priority: branded/product first; broad category next","Product-name hypothesis; claims/label evidence required"
"GlowWithSH Korean facial kit price","Transactional","Decision","Face Care","India","Brand","Directional only: unmeasured; broad non-brand likely more competitive","No Keyword Planner / GSC / paid SEO metrics access","https://www.glowwithsh.com/product/korean-facial-kit","","Unverified","Qualitative priority: branded/product first; broad category next","Catalog name retained; do not turn whitening/acne/SPF names into unsupported efficacy claims"
"Korean facial kit online India","Transactional","Decision","Face Care","India","Non-brand","Directional only: unmeasured; broad non-brand likely more competitive","No Keyword Planner / GSC / paid SEO metrics access","https://www.glowwithsh.com/product/korean-facial-kit","","Unverified","Qualitative priority: branded/product first; broad category next","Product-name hypothesis; claims/label evidence required"
"GlowWithSH Big day makeup look cream price","Transactional","Decision","Creams","India","Brand","Directional only: unmeasured; broad non-brand likely more competitive","No Keyword Planner / GSC / paid SEO metrics access","https://www.glowwithsh.com/product/big-day-makeup-look-cream","","Unverified","Qualitative priority: branded/product first; broad category next","Catalog name retained; do not turn whitening/acne/SPF names into unsupported efficacy claims"
"Big day makeup look cream online India","Transactional","Decision","Creams","India","Non-brand","Directional only: unmeasured; broad non-brand likely more competitive","No Keyword Planner / GSC / paid SEO metrics access","https://www.glowwithsh.com/product/big-day-makeup-look-cream","","Unverified","Qualitative priority: branded/product first; broad category next","Product-name hypothesis; claims/label evidence required"
"GlowWithSH Tinted day cream price","Transactional","Decision","Creams","India","Brand","Directional only: unmeasured; broad non-brand likely more competitive","No Keyword Planner / GSC / paid SEO metrics access","https://www.glowwithsh.com/product/tinted-day-cream-500-650","","Unverified","Qualitative priority: branded/product first; broad category next","Catalog name retained; do not turn whitening/acne/SPF names into unsupported efficacy claims"
"Tinted day cream online India","Transactional","Decision","Creams","India","Non-brand","Directional only: unmeasured; broad non-brand likely more competitive","No Keyword Planner / GSC / paid SEO metrics access","https://www.glowwithsh.com/product/tinted-day-cream-500-650","","Unverified","Qualitative priority: branded/product first; broad category next","Product-name hypothesis; claims/label evidence required"
"GlowWithSH Night extra whitening cream price","Transactional","Decision","Creams","India","Brand","Directional only: unmeasured; broad non-brand likely more competitive","No Keyword Planner / GSC / paid SEO metrics access","https://www.glowwithsh.com/product/night-extra-whitening-cream","","Unverified","Qualitative priority: branded/product first; broad category next","Catalog name retained; do not turn whitening/acne/SPF names into unsupported efficacy claims"
"Night extra whitening cream online India","Transactional","Decision","Creams","India","Non-brand","Directional only: unmeasured; broad non-brand likely more competitive","No Keyword Planner / GSC / paid SEO metrics access","https://www.glowwithsh.com/product/night-extra-whitening-cream","","Unverified","Qualitative priority: branded/product first; broad category next","Product-name hypothesis; claims/label evidence required"
"GlowWithSH Anti acne gel price","Transactional","Decision","Face Care","India","Brand","Directional only: unmeasured; broad non-brand likely more competitive","No Keyword Planner / GSC / paid SEO metrics access","https://www.glowwithsh.com/product/anti-acne-gel-cooling","","Unverified","Qualitative priority: branded/product first; broad category next","Catalog name retained; do not turn whitening/acne/SPF names into unsupported efficacy claims"
"Anti acne gel online India","Transactional","Decision","Face Care","India","Non-brand","Directional only: unmeasured; broad non-brand likely more competitive","No Keyword Planner / GSC / paid SEO metrics access","https://www.glowwithsh.com/product/anti-acne-gel-cooling","","Unverified","Qualitative priority: branded/product first; broad category next","Product-name hypothesis; claims/label evidence required"
"GlowWithSH Night Bridal cream price","Transactional","Decision","Creams","India","Brand","Directional only: unmeasured; broad non-brand likely more competitive","No Keyword Planner / GSC / paid SEO metrics access","https://www.glowwithsh.com/product/night-bridal-cream","","Unverified","Qualitative priority: branded/product first; broad category next","Catalog name retained; do not turn whitening/acne/SPF names into unsupported efficacy claims"
"Night Bridal cream online India","Transactional","Decision","Creams","India","Non-brand","Directional only: unmeasured; broad non-brand likely more competitive","No Keyword Planner / GSC / paid SEO metrics access","https://www.glowwithsh.com/product/night-bridal-cream","","Unverified","Qualitative priority: branded/product first; broad category next","Product-name hypothesis; claims/label evidence required"
"GlowWithSH Korean Rice serum (oily & Acne prone skin) price","Transactional","Decision","Serums","India","Brand","Directional only: unmeasured; broad non-brand likely more competitive","No Keyword Planner / GSC / paid SEO metrics access","https://www.glowwithsh.com/product/korean-rice-serum-oily-acne","","Unverified","Qualitative priority: branded/product first; broad category next","Catalog name retained; do not turn whitening/acne/SPF names into unsupported efficacy claims"
"Korean Rice serum (oily & Acne prone skin) online India","Transactional","Decision","Serums","India","Non-brand","Directional only: unmeasured; broad non-brand likely more competitive","No Keyword Planner / GSC / paid SEO metrics access","https://www.glowwithsh.com/product/korean-rice-serum-oily-acne","","Unverified","Qualitative priority: branded/product first; broad category next","Product-name hypothesis; claims/label evidence required"
"GlowWithSH Skin brightening glowing serum price","Transactional","Decision","Serums","India","Brand","Directional only: unmeasured; broad non-brand likely more competitive","No Keyword Planner / GSC / paid SEO metrics access","https://www.glowwithsh.com/product/skin-brightening-glowing-serum","","Unverified","Qualitative priority: branded/product first; broad category next","Catalog name retained; do not turn whitening/acne/SPF names into unsupported efficacy claims"
"Skin brightening glowing serum online India","Transactional","Decision","Serums","India","Non-brand","Directional only: unmeasured; broad non-brand likely more competitive","No Keyword Planner / GSC / paid SEO metrics access","https://www.glowwithsh.com/product/skin-brightening-glowing-serum","","Unverified","Qualitative priority: branded/product first; broad category next","Product-name hypothesis; claims/label evidence required"
"GlowWithSH Advance body whitening cream 100gm price","Transactional","Decision","Body Care","India","Brand","Directional only: unmeasured; broad non-brand likely more competitive","No Keyword Planner / GSC / paid SEO metrics access","https://www.glowwithsh.com/product/advance-body-whitening-cream-100gm","","Unverified","Qualitative priority: branded/product first; broad category next","Catalog name retained; do not turn whitening/acne/SPF names into unsupported efficacy claims"
"Advance body whitening cream 100gm online India","Transactional","Decision","Body Care","India","Non-brand","Directional only: unmeasured; broad non-brand likely more competitive","No Keyword Planner / GSC / paid SEO metrics access","https://www.glowwithsh.com/product/advance-body-whitening-cream-100gm","","Unverified","Qualitative priority: branded/product first; broad category next","Product-name hypothesis; claims/label evidence required"
"GlowWithSH Tinted day cream price","Transactional","Decision","Creams","India","Brand","Directional only: unmeasured; broad non-brand likely more competitive","No Keyword Planner / GSC / paid SEO metrics access","https://www.glowwithsh.com/product/tinted-day-cream-500-550","","Unverified","Qualitative priority: branded/product first; broad category next","Catalog name retained; do not turn whitening/acne/SPF names into unsupported efficacy claims"
"Tinted day cream online India","Transactional","Decision","Creams","India","Non-brand","Directional only: unmeasured; broad non-brand likely more competitive","No Keyword Planner / GSC / paid SEO metrics access","https://www.glowwithsh.com/product/tinted-day-cream-500-550","","Unverified","Qualitative priority: branded/product first; broad category next","Product-name hypothesis; claims/label evidence required"
"GlowWithSH Rose soap price","Transactional","Decision","Body Care","India","Brand","Directional only: unmeasured; broad non-brand likely more competitive","No Keyword Planner / GSC / paid SEO metrics access","https://www.glowwithsh.com/product/rose-soap","","Unverified","Qualitative priority: branded/product first; broad category next","Catalog name retained; do not turn whitening/acne/SPF names into unsupported efficacy claims"
"Rose soap online India","Transactional","Decision","Body Care","India","Non-brand","Directional only: unmeasured; broad non-brand likely more competitive","No Keyword Planner / GSC / paid SEO metrics access","https://www.glowwithsh.com/product/rose-soap","","Unverified","Qualitative priority: branded/product first; broad category next","Product-name hypothesis; claims/label evidence required"
"GlowWithSH Skin whitening capsule price","Transactional","Decision","Face Care","India","Brand","Directional only: unmeasured; broad non-brand likely more competitive","No Keyword Planner / GSC / paid SEO metrics access","https://www.glowwithsh.com/product/skin-whitening-capsule","","Unverified","Qualitative priority: branded/product first; broad category next","Catalog name retained; do not turn whitening/acne/SPF names into unsupported efficacy claims"
"Skin whitening capsule online India","Transactional","Decision","Face Care","India","Non-brand","Directional only: unmeasured; broad non-brand likely more competitive","No Keyword Planner / GSC / paid SEO metrics access","https://www.glowwithsh.com/product/skin-whitening-capsule","","Unverified","Qualitative priority: branded/product first; broad category next","Product-name hypothesis; claims/label evidence required"
"GlowWithSH Anti acne gel price","Transactional","Decision","Face Care","India","Brand","Directional only: unmeasured; broad non-brand likely more competitive","No Keyword Planner / GSC / paid SEO metrics access","https://www.glowwithsh.com/product/anti-acne-gel-purifying","","Unverified","Qualitative priority: branded/product first; broad category next","Catalog name retained; do not turn whitening/acne/SPF names into unsupported efficacy claims"
"Anti acne gel online India","Transactional","Decision","Face Care","India","Non-brand","Directional only: unmeasured; broad non-brand likely more competitive","No Keyword Planner / GSC / paid SEO metrics access","https://www.glowwithsh.com/product/anti-acne-gel-purifying","","Unverified","Qualitative priority: branded/product first; broad category next","Product-name hypothesis; claims/label evidence required"
"GlowWithSH sunscreen SPF 50PA+++ price","Transactional","Decision","Face Care","India","Brand","Directional only: unmeasured; broad non-brand likely more competitive","No Keyword Planner / GSC / paid SEO metrics access","https://www.glowwithsh.com/product/sunscreen-spf-50-pa-plus-plus-plus","","Unverified","Qualitative priority: branded/product first; broad category next","Catalog name retained; do not turn whitening/acne/SPF names into unsupported efficacy claims"
"sunscreen SPF 50PA+++ online India","Transactional","Decision","Face Care","India","Non-brand","Directional only: unmeasured; broad non-brand likely more competitive","No Keyword Planner / GSC / paid SEO metrics access","https://www.glowwithsh.com/product/sunscreen-spf-50-pa-plus-plus-plus","","Unverified","Qualitative priority: branded/product first; broad category next","Product-name hypothesis; claims/label evidence required"
"GlowWithSH Body whitening soap price","Transactional","Decision","Body Care","India","Brand","Directional only: unmeasured; broad non-brand likely more competitive","No Keyword Planner / GSC / paid SEO metrics access","https://www.glowwithsh.com/product/body-whitening-soap","","Unverified","Qualitative priority: branded/product first; broad category next","Catalog name retained; do not turn whitening/acne/SPF names into unsupported efficacy claims"
"Body whitening soap online India","Transactional","Decision","Body Care","India","Non-brand","Directional only: unmeasured; broad non-brand likely more competitive","No Keyword Planner / GSC / paid SEO metrics access","https://www.glowwithsh.com/product/body-whitening-soap","","Unverified","Qualitative priority: branded/product first; broad category next","Product-name hypothesis; claims/label evidence required"
"GlowWithSH Booster serum price","Transactional","Decision","Serums","India","Brand","Directional only: unmeasured; broad non-brand likely more competitive","No Keyword Planner / GSC / paid SEO metrics access","https://www.glowwithsh.com/product/booster-serum","","Unverified","Qualitative priority: branded/product first; broad category next","Catalog name retained; do not turn whitening/acne/SPF names into unsupported efficacy claims"
"Booster serum online India","Transactional","Decision","Serums","India","Non-brand","Directional only: unmeasured; broad non-brand likely more competitive","No Keyword Planner / GSC / paid SEO metrics access","https://www.glowwithsh.com/product/booster-serum","","Unverified","Qualitative priority: branded/product first; broad category next","Product-name hypothesis; claims/label evidence required"
"how to compare skincare serums","Informational","Awareness","Serums","India","Non-brand","Directional only: unmeasured; broad non-brand likely more competitive","No Keyword Planner / GSC / paid SEO metrics access","https://www.glowwithsh.com/journal","","Unverified","Qualitative priority: branded/product first; broad category next","Future fact-reviewed guide; do not imply ingredient percentages without labels"
"day cream vs night cream","Informational","Awareness","Creams","India","Non-brand","Directional only: unmeasured; broad non-brand likely more competitive","No Keyword Planner / GSC / paid SEO metrics access","https://www.glowwithsh.com/journal","","Unverified","Qualitative priority: branded/product first; broad category next","Future general educational guide; each product suitability requires verified directions"
"skincare routine before wedding","Informational","Awareness","Bridal","India","Non-brand","Directional only: unmeasured; broad non-brand likely more competitive","No Keyword Planner / GSC / paid SEO metrics access","https://www.glowwithsh.com/journal","","Unverified","Qualitative priority: branded/product first; broad category next","Future practical planning guide; no promised timeline or guaranteed results"
