"URL","Page Type","Current Topic","Primary Keyword","Secondary Keywords","Search Intent","Current Title","Recommended Title","Current H1","Recommended H1","Meta Description","Internal Links In","Internal Links Out","Schema","Cannibalization Risk","Content Action"
"https://www.glowwithsh.com/","Homepage","GlowWithSH Skincare & Beauty","GlowWithSH","GlowWithSH price; GlowWithSH","Navigational / informational","Baseline initial HTML reused generic site title; client title differed by route","GlowWithSH — Skincare & Beauty by Shagufi Hussain","Baseline varies by client route; not all independently recorded","GlowWithSH Skincare & Beauty","Explore GlowWithSH face care, creams, serums and body care. Browse product details and prices, and find your next skincare essential.","","/product/golden-facewash | /product/combo-all-skin-problems | /product/big-bridal-glow-cream | /product/big-extra-whitening-night-cream | /product/korean-facial-kit | /product/big-day-makeup-look-cream | /product/tinted-day-cream-500-650 | /product/night-extra-whitening-cream | /product/anti-acne-gel-cooling | /product/night-bridal-cream | /product/korean-rice-serum-oily-acne | /product/skin-brightening-glowing-serum | /product/advance-body-whitening-cream-100gm | /product/tinted-day-cream-500-550 | /product/rose-soap | /product/skin-whitening-capsule | /product/anti-acne-gel-purifying | /product/sunscreen-spf-50-pa-plus-plus-plus | /product/body-whitening-soap | /product/booster-serum | /shop/category/creams | /shop/category/serums | /shop/category/body-care | /shop/category/face-care","Organization | WebSite","No exact duplicate target in this map; rankings unavailable","Implemented metadata + initial HTML; see content-changelog for exact scope; preserve merchant data"
"https://www.glowwithsh.com/shop","Brand / navigation","Shop Skincare & Beauty Online","GlowWithSH skincare products","GlowWithSH skincare products price; GlowWithSH","Navigational / informational","Baseline initial HTML reused generic site title; client title differed by route","Shop Skincare & Beauty Online | GlowWithSH","Baseline varies by client route; not all independently recorded","Shop Skincare & Beauty Online","Browse GlowWithSH skincare and beauty products. Compare creams, face care, serums and body care by price and availability.","","/product/golden-facewash | /product/combo-all-skin-problems | /product/big-bridal-glow-cream | /product/big-extra-whitening-night-cream | /product/korean-facial-kit | /product/big-day-makeup-look-cream | /product/tinted-day-cream-500-650 | /product/night-extra-whitening-cream | /product/anti-acne-gel-cooling | /product/night-bridal-cream | /product/korean-rice-serum-oily-acne | /product/skin-brightening-glowing-serum | /product/advance-body-whitening-cream-100gm | /product/tinted-day-cream-500-550 | /product/rose-soap | /product/skin-whitening-capsule | /product/anti-acne-gel-purifying | /product/sunscreen-spf-50-pa-plus-plus-plus | /product/body-whitening-soap | /product/booster-serum","BreadcrumbList","No exact duplicate target in this map; rankings unavailable","Implemented metadata + initial HTML; see content-changelog for exact scope; preserve merchant data"
"https://www.glowwithsh.com/about","Brand / navigation","About GlowWithSH","About GlowWithSH","About GlowWithSH price; GlowWithSH","Navigational / informational","Baseline initial HTML reused generic site title; client title differed by route","About GlowWithSH | Skincare by Shagufi Hussain","Baseline varies by client route; not all independently recorded","About GlowWithSH","Meet GlowWithSH, the skincare and beauty brand founded by Shagufi Hussain. Explore the brand and its product collection.","","","BreadcrumbList","No exact duplicate target in this map; rankings unavailable","Implemented metadata + initial HTML; see content-changelog for exact scope; preserve merchant data"
"https://www.glowwithsh.com/founder","Brand / navigation","Shagufi Hussain","Shagufi Hussain","Shagufi Hussain price; GlowWithSH","Navigational / informational","Baseline initial HTML reused generic site title; client title differed by route","Shagufi Hussain | Founder of GlowWithSH","Baseline varies by client route; not all independently recorded","Shagufi Hussain","Meet Shagufi Hussain, founder of GlowWithSH, and explore the skincare and beauty collection.","","","BreadcrumbList","No exact duplicate target in this map; rankings unavailable","Implemented metadata + initial HTML; see content-changelog for exact scope; preserve merchant data"
"https://www.glowwithsh.com/awards","Brand / navigation","Awards & Recognition","Awards & Recognition","Awards & Recognition price; GlowWithSH","Navigational / informational","Baseline initial HTML reused generic site title; client title differed by route","Awards & Recognition | GlowWithSH","Baseline varies by client route; not all independently recorded","Awards & Recognition","Explore recognition published by GlowWithSH. Contact the brand for further information about its awards.","","","BreadcrumbList","No exact duplicate target in this map; rankings unavailable","Implemented metadata + initial HTML; see content-changelog for exact scope; preserve merchant data"
"https://www.glowwithsh.com/journal","Brand / navigation","Skincare Journal & Routine Guides","Skincare Journal & Routine Guides","Skincare Journal & Routine Guides price; GlowWithSH","Navigational / informational","Baseline initial HTML reused generic site title; client title differed by route","Skincare Journal & Routine Guides | GlowWithSH","Baseline varies by client route; not all independently recorded","Skincare Journal & Routine Guides","Read the GlowWithSH journal for skincare routine ideas and product education. Explore related products and contact us with questions.","","/journal/the-evening-ritual-caring-for-indian-skin | /journal/decoding-serums-rice-vs-vitamin-actives | /journal/bridal-glow-timeline-preparing-canvas","BreadcrumbList","No exact duplicate target in this map; rankings unavailable","Implemented metadata + initial HTML; see content-changelog for exact scope; preserve merchant data"
"https://www.glowwithsh.com/contact","Brand / navigation","Contact GlowWithSH","Contact GlowWithSH","Contact GlowWithSH price; GlowWithSH","Navigational / informational","Baseline initial HTML reused generic site title; client title differed by route","Contact GlowWithSH | Product & Order Support","Baseline varies by client route; not all independently recorded","Contact GlowWithSH","Contact GlowWithSH for product questions, order support and delivery enquiries. Find the available contact options here.","https://www.glowwithsh.com/shop/category/creams | https://www.glowwithsh.com/shop/category/serums | https://www.glowwithsh.com/shop/category/body-care | https://www.glowwithsh.com/shop/category/face-care | https://www.glowwithsh.com/product/golden-facewash | https://www.glowwithsh.com/product/combo-all-skin-problems | https://www.glowwithsh.com/product/big-bridal-glow-cream | https://www.glowwithsh.com/product/big-extra-whitening-night-cream | https://www.glowwithsh.com/product/korean-facial-kit | https://www.glowwithsh.com/product/big-day-makeup-look-cream | https://www.glowwithsh.com/product/tinted-day-cream-500-650 | https://www.glowwithsh.com/product/night-extra-whitening-cream | https://www.glowwithsh.com/product/anti-acne-gel-cooling | https://www.glowwithsh.com/product/night-bridal-cream | https://www.glowwithsh.com/product/korean-rice-serum-oily-acne | https://www.glowwithsh.com/product/skin-brightening-glowing-serum | https://www.glowwithsh.com/product/advance-body-whitening-cream-100gm | https://www.glowwithsh.com/product/tinted-day-cream-500-550 | https://www.glowwithsh.com/product/rose-soap | https://www.glowwithsh.com/product/skin-whitening-capsule | https://www.glowwithsh.com/product/anti-acne-gel-purifying | https://www.glowwithsh.com/product/sunscreen-spf-50-pa-plus-plus-plus | https://www.glowwithsh.com/product/body-whitening-soap | https://www.glowwithsh.com/product/booster-serum","","BreadcrumbList","No exact duplicate target in this map; rankings unavailable","Implemented metadata + initial HTML; see content-changelog for exact scope; preserve merchant data"
"https://www.glowwithsh.com/policies/shipping","Policy","Shipping Policy","Shipping Policy","Shipping Policy price; GlowWithSH","Navigational / informational","Baseline initial HTML reused generic site title; client title differed by route","Shipping Policy | GlowWithSH","Baseline varies by client route; not all independently recorded","Shipping Policy","Read the GlowWithSH shipping policy and contact the store if you need clarification before ordering.","https://www.glowwithsh.com/shop/category/creams | https://www.glowwithsh.com/shop/category/serums | https://www.glowwithsh.com/shop/category/body-care | https://www.glowwithsh.com/shop/category/face-care | https://www.glowwithsh.com/product/golden-facewash | https://www.glowwithsh.com/product/combo-all-skin-problems | https://www.glowwithsh.com/product/big-bridal-glow-cream | https://www.glowwithsh.com/product/big-extra-whitening-night-cream | https://www.glowwithsh.com/product/korean-facial-kit | https://www.glowwithsh.com/product/big-day-makeup-look-cream | https://www.glowwithsh.com/product/tinted-day-cream-500-650 | https://www.glowwithsh.com/product/night-extra-whitening-cream | https://www.glowwithsh.com/product/anti-acne-gel-cooling | https://www.glowwithsh.com/product/night-bridal-cream | https://www.glowwithsh.com/product/korean-rice-serum-oily-acne | https://www.glowwithsh.com/product/skin-brightening-glowing-serum | https://www.glowwithsh.com/product/advance-body-whitening-cream-100gm | https://www.glowwithsh.com/product/tinted-day-cream-500-550 | https://www.glowwithsh.com/product/rose-soap | https://www.glowwithsh.com/product/skin-whitening-capsule | https://www.glowwithsh.com/product/anti-acne-gel-purifying | https://www.glowwithsh.com/product/sunscreen-spf-50-pa-plus-plus-plus | https://www.glowwithsh.com/product/body-whitening-soap | https://www.glowwithsh.com/product/booster-serum","","BreadcrumbList","No exact duplicate target in this map; rankings unavailable","Implemented metadata + initial HTML; see content-changelog for exact scope; preserve merchant data"
"https://www.glowwithsh.com/policies/refunds","Policy","Returns & Refunds","Returns & Refunds","Returns & Refunds price; GlowWithSH","Navigational / informational","Baseline initial HTML reused generic site title; client title differed by route","Returns & Refunds | GlowWithSH","Baseline varies by client route; not all independently recorded","Returns & Refunds","Read the GlowWithSH returns & refunds and contact the store if you need clarification before ordering.","https://www.glowwithsh.com/shop/category/creams | https://www.glowwithsh.com/shop/category/serums | https://www.glowwithsh.com/shop/category/body-care | https://www.glowwithsh.com/shop/category/face-care | https://www.glowwithsh.com/product/golden-facewash | https://www.glowwithsh.com/product/combo-all-skin-problems | https://www.glowwithsh.com/product/big-bridal-glow-cream | https://www.glowwithsh.com/product/big-extra-whitening-night-cream | https://www.glowwithsh.com/product/korean-facial-kit | https://www.glowwithsh.com/product/big-day-makeup-look-cream | https://www.glowwithsh.com/product/tinted-day-cream-500-650 | https://www.glowwithsh.com/product/night-extra-whitening-cream | https://www.glowwithsh.com/product/anti-acne-gel-cooling | https://www.glowwithsh.com/product/night-bridal-cream | https://www.glowwithsh.com/product/korean-rice-serum-oily-acne | https://www.glowwithsh.com/product/skin-brightening-glowing-serum | https://www.glowwithsh.com/product/advance-body-whitening-cream-100gm | https://www.glowwithsh.com/product/tinted-day-cream-500-550 | https://www.glowwithsh.com/product/rose-soap | https://www.glowwithsh.com/product/skin-whitening-capsule | https://www.glowwithsh.com/product/anti-acne-gel-purifying | https://www.glowwithsh.com/product/sunscreen-spf-50-pa-plus-plus-plus | https://www.glowwithsh.com/product/body-whitening-soap | https://www.glowwithsh.com/product/booster-serum","","BreadcrumbList","No exact duplicate target in this map; rankings unavailable","Implemented metadata + initial HTML; see content-changelog for exact scope; preserve merchant data"
"https://www.glowwithsh.com/policies/privacy","Policy","Privacy Policy","Privacy Policy","Privacy Policy price; GlowWithSH","Navigational / informational","Baseline initial HTML reused generic site title; client title differed by route","Privacy Policy | GlowWithSH","Baseline varies by client route; not all independently recorded","Privacy Policy","Read the GlowWithSH privacy policy and contact the store if you need clarification before ordering.","","","BreadcrumbList","No exact duplicate target in this map; rankings unavailable","Implemented metadata + initial HTML; see content-changelog for exact scope; preserve merchant data"
"https://www.glowwithsh.com/policies/terms","Policy","Terms Policy","Terms Policy","Terms Policy price; GlowWithSH","Navigational / informational","Baseline initial HTML reused generic site title; client title differed by route","Terms Policy | GlowWithSH","Baseline varies by client route; not all independently recorded","Terms Policy","Read the GlowWithSH terms policy and contact the store if you need clarification before ordering.","","","BreadcrumbList","No exact duplicate target in this map; rankings unavailable","Implemented metadata + initial HTML; see content-changelog for exact scope; preserve merchant data"
"https://www.glowwithsh.com/policies/faq","Policy","Frequently Asked Questions","Frequently Asked Questions","Frequently Asked Questions price; GlowWithSH","Navigational / informational","Baseline initial HTML reused generic site title; client title differed by route","Frequently Asked Questions | GlowWithSH","Baseline varies by client route; not all independently recorded","Frequently Asked Questions","Read the GlowWithSH frequently asked questions and contact the store if you need clarification before ordering.","","","BreadcrumbList","No exact duplicate target in this map; rankings unavailable","Implemented metadata + initial HTML; see content-changelog for exact scope; preserve merchant data"
"https://www.glowwithsh.com/policies/disclaimer","Policy","Skincare Disclaimer","Skincare Disclaimer","Skincare Disclaimer price; GlowWithSH","Navigational / informational","Baseline initial HTML reused generic site title; client title differed by route","Skincare Disclaimer | GlowWithSH","Baseline varies by client route; not all independently recorded","Skincare Disclaimer","Read the GlowWithSH skincare disclaimer and contact the store if you need clarification before ordering.","","","BreadcrumbList","No exact duplicate target in this map; rankings unavailable","Implemented metadata + initial HTML; see content-changelog for exact scope; preserve merchant data"
"https://www.glowwithsh.com/policies/contact","Policy","Contact Information","Contact Information","Contact Information price; GlowWithSH","Navigational / informational","Baseline initial HTML reused generic site title; client title differed by route","Contact Information | GlowWithSH","Baseline varies by client route; not all independently recorded","Contact Information","Read the GlowWithSH contact information and contact the store if you need clarification before ordering.","","","BreadcrumbList","No exact duplicate target in this map; rankings unavailable","Implemented metadata + initial HTML; see content-changelog for exact scope; preserve merchant data"
"https://www.glowwithsh.com/shop/category/creams","Category","Creams","Creams online India","Creams online India price; GlowWithSH","Commercial comparison","Baseline initial HTML reused generic site title; client title differed by route","Creams | Shop GlowWithSH Skincare","Baseline varies by client route; not all independently recorded","Creams","Explore GlowWithSH creams. Compare product details, prices and stock availability before choosing your skincare essentials.","https://www.glowwithsh.com/ | https://www.glowwithsh.com/product/big-bridal-glow-cream | https://www.glowwithsh.com/product/big-extra-whitening-night-cream | https://www.glowwithsh.com/product/big-day-makeup-look-cream | https://www.glowwithsh.com/product/tinted-day-cream-500-650 | https://www.glowwithsh.com/product/night-extra-whitening-cream | https://www.glowwithsh.com/product/night-bridal-cream | https://www.glowwithsh.com/product/tinted-day-cream-500-550","/product/big-bridal-glow-cream | /product/big-extra-whitening-night-cream | /product/big-day-makeup-look-cream | /product/tinted-day-cream-500-650 | /product/night-extra-whitening-cream | /product/night-bridal-cream | /product/tinted-day-cream-500-550 | /contact | /policies/shipping | /policies/refunds","BreadcrumbList","No exact duplicate target in this map; rankings unavailable","Implemented metadata + initial HTML; see content-changelog for exact scope; preserve merchant data"
"https://www.glowwithsh.com/shop/category/serums","Category","Serums","Serums online India","Serums online India price; GlowWithSH","Commercial comparison","Baseline initial HTML reused generic site title; client title differed by route","Serums | Shop GlowWithSH Skincare","Baseline varies by client route; not all independently recorded","Serums","Explore GlowWithSH serums. Compare product details, prices and stock availability before choosing your skincare essentials.","https://www.glowwithsh.com/ | https://www.glowwithsh.com/product/korean-rice-serum-oily-acne | https://www.glowwithsh.com/product/skin-brightening-glowing-serum | https://www.glowwithsh.com/product/booster-serum","/product/korean-rice-serum-oily-acne | /product/skin-brightening-glowing-serum | /product/booster-serum | /contact | /policies/shipping | /policies/refunds","BreadcrumbList","No exact duplicate target in this map; rankings unavailable","Implemented metadata + initial HTML; see content-changelog for exact scope; preserve merchant data"
"https://www.glowwithsh.com/shop/category/body-care","Category","Body Care","Body Care online India","Body Care online India price; GlowWithSH","Commercial comparison","Baseline initial HTML reused generic site title; client title differed by route","Body Care | Shop GlowWithSH Skincare","Baseline varies by client route; not all independently recorded","Body Care","Explore GlowWithSH body care. Compare product details, prices and stock availability before choosing your skincare essentials.","https://www.glowwithsh.com/ | https://www.glowwithsh.com/product/advance-body-whitening-cream-100gm | https://www.glowwithsh.com/product/rose-soap | https://www.glowwithsh.com/product/body-whitening-soap","/product/advance-body-whitening-cream-100gm | /product/rose-soap | /product/body-whitening-soap | /contact | /policies/shipping | /policies/refunds","BreadcrumbList","No exact duplicate target in this map; rankings unavailable","Implemented metadata + initial HTML; see content-changelog for exact scope; preserve merchant data"
"https://www.glowwithsh.com/shop/category/face-care","Category","Face Care","Face Care online India","Face Care online India price; GlowWithSH","Commercial comparison","Baseline initial HTML reused generic site title; client title differed by route","Face Care | Shop GlowWithSH Skincare","Baseline varies by client route; not all independently recorded","Face Care","Explore GlowWithSH face care. Compare product details, prices and stock availability before choosing your skincare essentials.","https://www.glowwithsh.com/ | https://www.glowwithsh.com/product/golden-facewash | https://www.glowwithsh.com/product/combo-all-skin-problems | https://www.glowwithsh.com/product/korean-facial-kit | https://www.glowwithsh.com/product/anti-acne-gel-cooling | https://www.glowwithsh.com/product/skin-whitening-capsule | https://www.glowwithsh.com/product/anti-acne-gel-purifying | https://www.glowwithsh.com/product/sunscreen-spf-50-pa-plus-plus-plus","/product/golden-facewash | /product/combo-all-skin-problems | /product/korean-facial-kit | /product/anti-acne-gel-cooling | /product/skin-whitening-capsule | /product/anti-acne-gel-purifying | /product/sunscreen-spf-50-pa-plus-plus-plus | /contact | /policies/shipping | /policies/refunds","BreadcrumbList","No exact duplicate target in this map; rankings unavailable","Implemented metadata + initial HTML; see content-changelog for exact scope; preserve merchant data"
"https://www.glowwithsh.com/product/golden-facewash","Product","Golden facewash","Golden facewash","Golden facewash price; GlowWithSH","Transactional","Baseline initial HTML reused generic site title; client title differed by route","Golden facewash — 100 ml | GlowWithSH","Baseline varies by client route; not all independently recorded","Golden facewash","Shop Golden facewash (100 ml) from GlowWithSH for ₹300. Read product details and usage information, and check availability.","https://www.glowwithsh.com/ | https://www.glowwithsh.com/shop | https://www.glowwithsh.com/shop/category/face-care","/contact | /shop/category/face-care | /policies/shipping | /policies/refunds","Product | BreadcrumbList","Product intent distinguished from category; existing efficacy/ingredient claims require owner substantiation","Implemented metadata + initial HTML; see content-changelog for exact scope; preserve merchant data"
"https://www.glowwithsh.com/product/combo-all-skin-problems","Product","Combo for All skin problems pigmentation / hyperpigmentation / dark circles / uneven skin tone","Combo for All skin problems pigmentation / hyperpigmentation / dark circles / uneven skin tone","Combo for All skin problems pigmentation / hyperpigmentation / dark circles / uneven skin tone price; GlowWithSH","Transactional","Baseline initial HTML reused generic site title; client title differed by route","Skincare Combo — Full Routine Kit | GlowWithSH","Baseline varies by client route; not all independently recorded","Combo for All skin problems pigmentation / hyperpigmentation / dark circles / uneven skin tone","Shop Skincare Combo (Full Routine Kit) from GlowWithSH for ₹1600. Read product details and usage information, and check availability.","https://www.glowwithsh.com/ | https://www.glowwithsh.com/shop | https://www.glowwithsh.com/shop/category/face-care","/contact | /shop/category/face-care | /policies/shipping | /policies/refunds","Product | BreadcrumbList","Product intent distinguished from category; existing efficacy/ingredient claims require owner substantiation","Implemented metadata + initial HTML; see content-changelog for exact scope; preserve merchant data"
"https://www.glowwithsh.com/product/big-bridal-glow-cream","Product","Big Bridal glow cream","Big Bridal glow cream","Big Bridal glow cream price; GlowWithSH","Transactional","Baseline initial HTML reused generic site title; client title differed by route","Big Bridal glow cream — 100 g | GlowWithSH","Baseline varies by client route; not all independently recorded","Big Bridal glow cream","Shop Big Bridal glow cream (100 g) from GlowWithSH for ₹1100. Read product details and usage information, and check availability.","https://www.glowwithsh.com/ | https://www.glowwithsh.com/shop | https://www.glowwithsh.com/shop/category/creams","/contact | /shop/category/creams | /policies/shipping | /policies/refunds","Product | BreadcrumbList","Product intent distinguished from category; existing efficacy/ingredient claims require owner substantiation","Implemented metadata + initial HTML; see content-changelog for exact scope; preserve merchant data"
"https://www.glowwithsh.com/product/big-extra-whitening-night-cream","Product","Big extra whitening night cream","Big extra whitening night cream","Big extra whitening night cream price; GlowWithSH","Transactional","Baseline initial HTML reused generic site title; client title differed by route","Big extra whitening night cream — 100 g | GlowWithSH","Baseline varies by client route; not all independently recorded","Big extra whitening night cream","Shop Big extra whitening night cream (100 g) from GlowWithSH for ₹950. Read product details and usage information, and check availability.","https://www.glowwithsh.com/ | https://www.glowwithsh.com/shop | https://www.glowwithsh.com/shop/category/creams","/contact | /shop/category/creams | /policies/shipping | /policies/refunds","Product | BreadcrumbList","Product intent distinguished from category; existing efficacy/ingredient claims require owner substantiation","Implemented metadata + initial HTML; see content-changelog for exact scope; preserve merchant data"
"https://www.glowwithsh.com/product/korean-facial-kit","Product","Korean facial kit","Korean facial kit","Korean facial kit price; GlowWithSH","Transactional","Baseline initial HTML reused generic site title; client title differed by route","Korean facial kit — 4-Step Kit | GlowWithSH","Baseline varies by client route; not all independently recorded","Korean facial kit","Shop Korean facial kit (4-Step Kit) from GlowWithSH for ₹250. Read product details and usage information, and check availability.","https://www.glowwithsh.com/ | https://www.glowwithsh.com/shop | https://www.glowwithsh.com/shop/category/face-care","/contact | /shop/category/face-care | /policies/shipping | /policies/refunds","Product | BreadcrumbList","Product intent distinguished from category; existing efficacy/ingredient claims require owner substantiation","Implemented metadata + initial HTML; see content-changelog for exact scope; preserve merchant data"
"https://www.glowwithsh.com/product/big-day-makeup-look-cream","Product","Big day makeup look cream","Big day makeup look cream","Big day makeup look cream price; GlowWithSH","Transactional","Baseline initial HTML reused generic site title; client title differed by route","Big day makeup look cream — 80 g | GlowWithSH","Baseline varies by client route; not all independently recorded","Big day makeup look cream","Shop Big day makeup look cream (80 g) from GlowWithSH for ₹1100. Read product details and usage information, and check availability.","https://www.glowwithsh.com/ | https://www.glowwithsh.com/shop | https://www.glowwithsh.com/shop/category/creams","/contact | /shop/category/creams | /policies/shipping | /policies/refunds","Product | BreadcrumbList","Product intent distinguished from category; existing efficacy/ingredient claims require owner substantiation","Implemented metadata + initial HTML; see content-changelog for exact scope; preserve merchant data"
"https://www.glowwithsh.com/product/tinted-day-cream-500-650","Product","Tinted day cream","Tinted day cream","Tinted day cream price; GlowWithSH","Transactional","Baseline initial HTML reused generic site title; client title differed by route","Tinted day cream — 50 g · GW-TDC-01 | GlowWithSH","Baseline varies by client route; not all independently recorded","Tinted day cream","Shop Tinted day cream (50 g) · GW-TDC-01 from GlowWithSH for ₹500. Read product details and usage information, and check availability.","https://www.glowwithsh.com/ | https://www.glowwithsh.com/shop | https://www.glowwithsh.com/shop/category/creams","/contact | /shop/category/creams | /policies/shipping | /policies/refunds","Product | BreadcrumbList","High: duplicate names/sizes; distinct SKU metadata implemented; owner must verify whether variants or duplicate listings","Implemented metadata + initial HTML; see content-changelog for exact scope; preserve merchant data"
"https://www.glowwithsh.com/product/night-extra-whitening-cream","Product","Night extra whitening cream","Night extra whitening cream","Night extra whitening cream price; GlowWithSH","Transactional","Baseline initial HTML reused generic site title; client title differed by route","Night extra whitening cream — 50 g | GlowWithSH","Baseline varies by client route; not all independently recorded","Night extra whitening cream","Shop Night extra whitening cream (50 g) from GlowWithSH for ₹500. Read product details and usage information, and check availability.","https://www.glowwithsh.com/ | https://www.glowwithsh.com/shop | https://www.glowwithsh.com/shop/category/creams","/contact | /shop/category/creams | /policies/shipping | /policies/refunds","Product | BreadcrumbList","Product intent distinguished from category; existing efficacy/ingredient claims require owner substantiation","Implemented metadata + initial HTML; see content-changelog for exact scope; preserve merchant data"
"https://www.glowwithsh.com/product/anti-acne-gel-cooling","Product","Anti acne gel","Anti acne gel","Anti acne gel price; GlowWithSH","Transactional","Baseline initial HTML reused generic site title; client title differed by route","Anti acne gel — 50 g · GW-AAG-01 | GlowWithSH","Baseline varies by client route; not all independently recorded","Anti acne gel","Shop Anti acne gel (50 g) · GW-AAG-01 from GlowWithSH for ₹350. Read product details and usage information, and check availability.","https://www.glowwithsh.com/ | https://www.glowwithsh.com/shop | https://www.glowwithsh.com/shop/category/face-care","/contact | /shop/category/face-care | /policies/shipping | /policies/refunds","Product | BreadcrumbList","High: duplicate names/sizes; distinct SKU metadata implemented; owner must verify whether variants or duplicate listings","Implemented metadata + initial HTML; see content-changelog for exact scope; preserve merchant data"
"https://www.glowwithsh.com/product/night-bridal-cream","Product","Night Bridal cream","Night Bridal cream","Night Bridal cream price; GlowWithSH","Transactional","Baseline initial HTML reused generic site title; client title differed by route","Night Bridal cream — 50 g | GlowWithSH","Baseline varies by client route; not all independently recorded","Night Bridal cream","Shop Night Bridal cream (50 g) from GlowWithSH for ₹500. Read product details and usage information, and check availability.","https://www.glowwithsh.com/ | https://www.glowwithsh.com/shop | https://www.glowwithsh.com/shop/category/creams","/contact | /shop/category/creams | /policies/shipping | /policies/refunds","Product | BreadcrumbList","Product intent distinguished from category; existing efficacy/ingredient claims require owner substantiation","Implemented metadata + initial HTML; see content-changelog for exact scope; preserve merchant data"
"https://www.glowwithsh.com/product/korean-rice-serum-oily-acne","Product","Korean Rice serum (oily & Acne prone skin)","Korean Rice serum (oily & Acne prone skin)","Korean Rice serum (oily & Acne prone skin) price; GlowWithSH","Transactional","Baseline initial HTML reused generic site title; client title differed by route","Korean Rice serum (oily & Acne prone skin) — 30 ml | GlowWithSH","Baseline varies by client route; not all independently recorded","Korean Rice serum (oily & Acne prone skin)","Shop Korean Rice serum (oily & Acne prone skin) (30 ml) from GlowWithSH for ₹600. Read product details and usage information, and check availability.","https://www.glowwithsh.com/ | https://www.glowwithsh.com/shop | https://www.glowwithsh.com/shop/category/serums","/contact | /shop/category/serums | /policies/shipping | /policies/refunds","Product | BreadcrumbList","Product intent distinguished from category; existing efficacy/ingredient claims require owner substantiation","Implemented metadata + initial HTML; see content-changelog for exact scope; preserve merchant data"
"https://www.glowwithsh.com/product/skin-brightening-glowing-serum","Product","Skin brightening glowing serum","Skin brightening glowing serum","Skin brightening glowing serum price; GlowWithSH","Transactional","Baseline initial HTML reused generic site title; client title differed by route","Skin brightening glowing serum — 30 ml | GlowWithSH","Baseline varies by client route; not all independently recorded","Skin brightening glowing serum","Shop Skin brightening glowing serum (30 ml) from GlowWithSH for ₹600. Read product details and usage information, and check availability.","https://www.glowwithsh.com/ | https://www.glowwithsh.com/shop | https://www.glowwithsh.com/shop/category/serums","/contact | /shop/category/serums | /policies/shipping | /policies/refunds","Product | BreadcrumbList","Product intent distinguished from category; existing efficacy/ingredient claims require owner substantiation","Implemented metadata + initial HTML; see content-changelog for exact scope; preserve merchant data"
"https://www.glowwithsh.com/product/advance-body-whitening-cream-100gm","Product","Advance body whitening cream 100gm","Advance body whitening cream 100gm","Advance body whitening cream 100gm price; GlowWithSH","Transactional","Baseline initial HTML reused generic site title; client title differed by route","Advance Body Whitening Cream 100g | GlowWithSH","Baseline varies by client route; not all independently recorded","Advance body whitening cream 100gm","Nourish elbows, knees and sun-exposed limbs with our rich body butter. Deeply hydrate and smooth dry skin with GlowWithSH advance body care formula.","https://www.glowwithsh.com/ | https://www.glowwithsh.com/shop | https://www.glowwithsh.com/shop/category/body-care","/contact | /shop/category/body-care | /policies/shipping | /policies/refunds","Product | BreadcrumbList","Product intent distinguished from category; existing efficacy/ingredient claims require owner substantiation","Implemented metadata + initial HTML; see content-changelog for exact scope; preserve merchant data"
"https://www.glowwithsh.com/product/tinted-day-cream-500-550","Product","Tinted day cream","Tinted day cream","Tinted day cream price; GlowWithSH","Transactional","Baseline initial HTML reused generic site title; client title differed by route","Tinted day cream — 50 g · GW-TDC-02 | GlowWithSH","Baseline varies by client route; not all independently recorded","Tinted day cream","Shop Tinted day cream (50 g) · GW-TDC-02 from GlowWithSH for ₹500. Read product details and usage information, and check availability.","https://www.glowwithsh.com/ | https://www.glowwithsh.com/shop | https://www.glowwithsh.com/shop/category/creams","/contact | /shop/category/creams | /policies/shipping | /policies/refunds","Product | BreadcrumbList","High: duplicate names/sizes; distinct SKU metadata implemented; owner must verify whether variants or duplicate listings","Implemented metadata + initial HTML; see content-changelog for exact scope; preserve merchant data"
"https://www.glowwithsh.com/product/rose-soap","Product","Rose soap","Rose soap","Rose soap price; GlowWithSH","Transactional","Baseline initial HTML reused generic site title; client title differed by route","Rose soap — 100 g | GlowWithSH","Baseline varies by client route; not all independently recorded","Rose soap","Shop Rose soap (100 g) from GlowWithSH for ₹200. Read product details and usage information, and check availability.","https://www.glowwithsh.com/ | https://www.glowwithsh.com/shop | https://www.glowwithsh.com/shop/category/body-care","/contact | /shop/category/body-care | /policies/shipping | /policies/refunds","Product | BreadcrumbList","Product intent distinguished from category; existing efficacy/ingredient claims require owner substantiation","Implemented metadata + initial HTML; see content-changelog for exact scope; preserve merchant data"
"https://www.glowwithsh.com/product/skin-whitening-capsule","Product","Skin whitening capsule","Skin whitening capsule","Skin whitening capsule price; GlowWithSH","Transactional","Baseline initial HTML reused generic site title; client title differed by route","Skin whitening capsule — 15 Ampoules | GlowWithSH","Baseline varies by client route; not all independently recorded","Skin whitening capsule","Shop Skin whitening capsule (15 Ampoules) from GlowWithSH for ₹200. Read product details and usage information, and check availability.","https://www.glowwithsh.com/ | https://www.glowwithsh.com/shop | https://www.glowwithsh.com/shop/category/face-care","/contact | /shop/category/face-care | /policies/shipping | /policies/refunds","Product | BreadcrumbList","Product intent distinguished from category; existing efficacy/ingredient claims require owner substantiation","Implemented metadata + initial HTML; see content-changelog for exact scope; preserve merchant data"
"https://www.glowwithsh.com/product/anti-acne-gel-purifying","Product","Anti acne gel","Anti acne gel","Anti acne gel price; GlowWithSH","Transactional","Baseline initial HTML reused generic site title; client title differed by route","Anti acne gel — 50 g · GW-AAG-02 | GlowWithSH","Baseline varies by client route; not all independently recorded","Anti acne gel","Shop Anti acne gel (50 g) · GW-AAG-02 from GlowWithSH for ₹350. Read product details and usage information, and check availability.","https://www.glowwithsh.com/ | https://www.glowwithsh.com/shop | https://www.glowwithsh.com/shop/category/face-care","/contact | /shop/category/face-care | /policies/shipping | /policies/refunds","Product | BreadcrumbList","High: duplicate names/sizes; distinct SKU metadata implemented; owner must verify whether variants or duplicate listings","Implemented metadata + initial HTML; see content-changelog for exact scope; preserve merchant data"
"https://www.glowwithsh.com/product/sunscreen-spf-50-pa-plus-plus-plus","Product","sunscreen SPF 50PA+++","sunscreen SPF 50PA+++","sunscreen SPF 50PA+++ price; GlowWithSH","Transactional","Baseline initial HTML reused generic site title; client title differed by route","sunscreen SPF 50PA+++ — 50 ml | GlowWithSH","Baseline varies by client route; not all independently recorded","sunscreen SPF 50PA+++","Shop sunscreen SPF 50PA+++ (50 ml) from GlowWithSH for ₹500. Read product details and usage information, and check availability.","https://www.glowwithsh.com/ | https://www.glowwithsh.com/shop | https://www.glowwithsh.com/shop/category/face-care","/contact | /shop/category/face-care | /policies/shipping | /policies/refunds","Product | BreadcrumbList","Product intent distinguished from category; existing efficacy/ingredient claims require owner substantiation","Implemented metadata + initial HTML; see content-changelog for exact scope; preserve merchant data"
"https://www.glowwithsh.com/product/body-whitening-soap","Product","Body whitening soap","Body whitening soap","Body whitening soap price; GlowWithSH","Transactional","Baseline initial HTML reused generic site title; client title differed by route","Body whitening soap — 100 g | GlowWithSH","Baseline varies by client route; not all independently recorded","Body whitening soap","Shop Body whitening soap (100 g) from GlowWithSH for ₹200. Read product details and usage information, and check availability.","https://www.glowwithsh.com/ | https://www.glowwithsh.com/shop | https://www.glowwithsh.com/shop/category/body-care","/contact | /shop/category/body-care | /policies/shipping | /policies/refunds","Product | BreadcrumbList","Product intent distinguished from category; existing efficacy/ingredient claims require owner substantiation","Implemented metadata + initial HTML; see content-changelog for exact scope; preserve merchant data"
"https://www.glowwithsh.com/product/booster-serum","Product","Booster serum","Booster serum","Booster serum price; GlowWithSH","Transactional","Baseline initial HTML reused generic site title; client title differed by route","Booster serum — 30 ml | GlowWithSH","Baseline varies by client route; not all independently recorded","Booster serum","Shop Booster serum (30 ml) from GlowWithSH for ₹250. Read product details and usage information, and check availability.","https://www.glowwithsh.com/ | https://www.glowwithsh.com/shop | https://www.glowwithsh.com/shop/category/serums","/contact | /shop/category/serums | /policies/shipping | /policies/refunds","Product | BreadcrumbList","Product intent distinguished from category; existing efficacy/ingredient claims require owner substantiation","Implemented metadata + initial HTML; see content-changelog for exact scope; preserve merchant data"
"https://www.glowwithsh.com/journal/the-evening-ritual-caring-for-indian-skin","Article","The Evening Ritual: Caring for Indian Skin with Nourishing Textures","The Evening Ritual: Caring for Indian Skin with Nourishing Textures","The Evening Ritual: Caring for Indian Skin with Nourishing Textures price; GlowWithSH","Navigational / informational","Baseline initial HTML reused generic site title; client title differed by route","The Evening Ritual: Caring for Indian Skin with Nourishing Textures | GlowWithSH Journal","Baseline varies by client route; not all independently recorded","The Evening Ritual: Caring for Indian Skin with Nourishing Textures","How thoughtful night routines soothe daily pollution exposure and awaken radiant bounce.","https://www.glowwithsh.com/journal","","Article | BreadcrumbList","No exact duplicate target in this map; rankings unavailable","Implemented metadata + initial HTML; see content-changelog for exact scope; preserve merchant data"
"https://www.glowwithsh.com/journal/decoding-serums-rice-vs-vitamin-actives","Article","Decoding Serums: When to Choose Rice vs. Vitamin Enriched Actives","Decoding Serums: When to Choose Rice vs. Vitamin Enriched Actives","Decoding Serums: When to Choose Rice vs. Vitamin Enriched Actives price; GlowWithSH","Navigational / informational","Baseline initial HTML reused generic site title; client title differed by route","Decoding Serums: When to Choose Rice vs. Vitamin Enriched Actives | GlowWithSH Journal","Baseline varies by client route; not all independently recorded","Decoding Serums: When to Choose Rice vs. Vitamin Enriched Actives","Understand which concentrated drop your skin craves based on weather, oiliness, and texture.","https://www.glowwithsh.com/journal","","Article | BreadcrumbList","No exact duplicate target in this map; rankings unavailable","Implemented metadata + initial HTML; see content-changelog for exact scope; preserve merchant data"
"https://www.glowwithsh.com/journal/bridal-glow-timeline-preparing-canvas","Article","Bridal Glow Timeline: Preparing Your Canvas for Milestone Moments","Bridal Glow Timeline: Preparing Your Canvas for Milestone Moments","Bridal Glow Timeline: Preparing Your Canvas for Milestone Moments price; GlowWithSH","Navigational / informational","Baseline initial HTML reused generic site title; client title differed by route","Bridal Glow Timeline: Preparing Your Canvas for Milestone Moments | GlowWithSH Journal","Baseline varies by client route; not all independently recorded","Bridal Glow Timeline: Preparing Your Canvas for Milestone Moments","A measured, gentle roadmap to milestone radiance without harsh treatments or last-minute panic.","https://www.glowwithsh.com/journal","","Article | BreadcrumbList","No exact duplicate target in this map; rankings unavailable","Implemented metadata + initial HTML; see content-changelog for exact scope; preserve merchant data"
