"URL","Page Type","HTTP Status","Indexability","Canonical","Title","Description","H1","Primary Keyword","Intent","Content","Internal Links","Schema","Images","Performance","Required Action","Evidence Scope"
"https://www.glowwithsh.com/","Homepage","200","index,follow","https://www.glowwithsh.com/","GlowWithSH — Skincare & Beauty by Shagufi Hussain","Explore GlowWithSH face care, creams, serums and body care. Browse product details and prices, and find your next skincare essential.","GlowWithSH Skincare & Beauty","GlowWithSH","See keyword-map","Initial HTML content + client interface; policy initial HTML is summary","/product/golden-facewash | /product/combo-all-skin-problems | /product/big-bridal-glow-cream | /product/big-extra-whitening-night-cream | /product/korean-facial-kit | /product/big-day-makeup-look-cream | /product/tinted-day-cream-500-650 | /product/night-extra-whitening-cream | /product/anti-acne-gel-cooling | /product/night-bridal-cream | /product/korean-rice-serum-oily-acne | /product/skin-brightening-glowing-serum | /product/advance-body-whitening-cream-100gm | /product/tinted-day-cream-500-550 | /product/rose-soap | /product/skin-whitening-capsule | /product/anti-acne-gel-purifying | /product/sunscreen-spf-50-pa-plus-plus-plus | /product/body-whitening-soap | /product/booster-serum | /shop/category/creams | /shop/category/serums | /shop/category/body-care | /shop/category/face-care","Organization | WebSite","/images/hero_poster_v2.webp?v=2","Responsive poster 35.8 kB at 640px; no field CWV available","No exact duplicate target in this map; rankings unavailable","Local merchant snapshot; generated metadata; real HTTP sitemap routes independently tested; NOT live deployment audit"
"https://www.glowwithsh.com/shop","Brand / navigation","200","index,follow","https://www.glowwithsh.com/shop","Shop Skincare & Beauty Online | GlowWithSH","Browse GlowWithSH skincare and beauty products. Compare creams, face care, serums and body care by price and availability.","Shop Skincare & Beauty Online","GlowWithSH skincare products","See keyword-map","Initial HTML content + client interface; policy initial HTML is summary","/product/golden-facewash | /product/combo-all-skin-problems | /product/big-bridal-glow-cream | /product/big-extra-whitening-night-cream | /product/korean-facial-kit | /product/big-day-makeup-look-cream | /product/tinted-day-cream-500-650 | /product/night-extra-whitening-cream | /product/anti-acne-gel-cooling | /product/night-bridal-cream | /product/korean-rice-serum-oily-acne | /product/skin-brightening-glowing-serum | /product/advance-body-whitening-cream-100gm | /product/tinted-day-cream-500-550 | /product/rose-soap | /product/skin-whitening-capsule | /product/anti-acne-gel-purifying | /product/sunscreen-spf-50-pa-plus-plus-plus | /product/body-whitening-soap | /product/booster-serum","BreadcrumbList","/images/hero_poster_v2.webp?v=2","No per-page field CWV available","No exact duplicate target in this map; rankings unavailable","Local merchant snapshot; generated metadata; real HTTP sitemap routes independently tested; NOT live deployment audit"
"https://www.glowwithsh.com/about","Brand / navigation","200","index,follow","https://www.glowwithsh.com/about","About GlowWithSH | Skincare by Shagufi Hussain","Meet GlowWithSH, the skincare and beauty brand founded by Shagufi Hussain. Explore the brand and its product collection.","About GlowWithSH","About GlowWithSH","See keyword-map","Initial HTML content + client interface; policy initial HTML is summary","","BreadcrumbList","/images/hero_poster_v2.webp?v=2","No per-page field CWV available","No exact duplicate target in this map; rankings unavailable","Local merchant snapshot; generated metadata; real HTTP sitemap routes independently tested; NOT live deployment audit"
"https://www.glowwithsh.com/founder","Brand / navigation","200","index,follow","https://www.glowwithsh.com/founder","Shagufi Hussain | Founder of GlowWithSH","Meet Shagufi Hussain, founder of GlowWithSH, and explore the skincare and beauty collection.","Shagufi Hussain","Shagufi Hussain","See keyword-map","Initial HTML content + client interface; policy initial HTML is summary","","BreadcrumbList","/images/hero_poster_v2.webp?v=2","No per-page field CWV available","No exact duplicate target in this map; rankings unavailable","Local merchant snapshot; generated metadata; real HTTP sitemap routes independently tested; NOT live deployment audit"
"https://www.glowwithsh.com/awards","Brand / navigation","200","index,follow","https://www.glowwithsh.com/awards","Awards & Recognition | GlowWithSH","Explore recognition published by GlowWithSH. Contact the brand for further information about its awards.","Awards & Recognition","Awards & Recognition","See keyword-map","Initial HTML content + client interface; policy initial HTML is summary","","BreadcrumbList","/images/hero_poster_v2.webp?v=2","No per-page field CWV available","No exact duplicate target in this map; rankings unavailable","Local merchant snapshot; generated metadata; real HTTP sitemap routes independently tested; NOT live deployment audit"
"https://www.glowwithsh.com/journal","Brand / navigation","200","index,follow","https://www.glowwithsh.com/journal","Skincare Journal & Routine Guides | GlowWithSH","Read the GlowWithSH journal for skincare routine ideas and product education. Explore related products and contact us with questions.","Skincare Journal & Routine Guides","Skincare Journal & Routine Guides","See keyword-map","Initial HTML content + client interface; policy initial HTML is summary","/journal/the-evening-ritual-caring-for-indian-skin | /journal/decoding-serums-rice-vs-vitamin-actives | /journal/bridal-glow-timeline-preparing-canvas","BreadcrumbList","/images/hero_poster_v2.webp?v=2","No per-page field CWV available","No exact duplicate target in this map; rankings unavailable","Local merchant snapshot; generated metadata; real HTTP sitemap routes independently tested; NOT live deployment audit"
"https://www.glowwithsh.com/contact","Brand / navigation","200","index,follow","https://www.glowwithsh.com/contact","Contact GlowWithSH | Product & Order Support","Contact GlowWithSH for product questions, order support and delivery enquiries. Find the available contact options here.","Contact GlowWithSH","Contact GlowWithSH","See keyword-map","Initial HTML content + client interface; policy initial HTML is summary","","BreadcrumbList","/images/hero_poster_v2.webp?v=2","No per-page field CWV available","No exact duplicate target in this map; rankings unavailable","Local merchant snapshot; generated metadata; real HTTP sitemap routes independently tested; NOT live deployment audit"
"https://www.glowwithsh.com/policies/shipping","Policy","200","index,follow","https://www.glowwithsh.com/policies/shipping","Shipping Policy | GlowWithSH","Read the GlowWithSH shipping policy and contact the store if you need clarification before ordering.","Shipping Policy","Shipping Policy","See keyword-map","Initial HTML content + client interface; policy initial HTML is summary","","BreadcrumbList","/images/hero_poster_v2.webp?v=2","No per-page field CWV available","No exact duplicate target in this map; rankings unavailable","Local merchant snapshot; generated metadata; real HTTP sitemap routes independently tested; NOT live deployment audit"
"https://www.glowwithsh.com/policies/refunds","Policy","200","index,follow","https://www.glowwithsh.com/policies/refunds","Returns & Refunds | GlowWithSH","Read the GlowWithSH returns & refunds and contact the store if you need clarification before ordering.","Returns & Refunds","Returns & Refunds","See keyword-map","Initial HTML content + client interface; policy initial HTML is summary","","BreadcrumbList","/images/hero_poster_v2.webp?v=2","No per-page field CWV available","No exact duplicate target in this map; rankings unavailable","Local merchant snapshot; generated metadata; real HTTP sitemap routes independently tested; NOT live deployment audit"
"https://www.glowwithsh.com/policies/privacy","Policy","200","index,follow","https://www.glowwithsh.com/policies/privacy","Privacy Policy | GlowWithSH","Read the GlowWithSH privacy policy and contact the store if you need clarification before ordering.","Privacy Policy","Privacy Policy","See keyword-map","Initial HTML content + client interface; policy initial HTML is summary","","BreadcrumbList","/images/hero_poster_v2.webp?v=2","No per-page field CWV available","No exact duplicate target in this map; rankings unavailable","Local merchant snapshot; generated metadata; real HTTP sitemap routes independently tested; NOT live deployment audit"
"https://www.glowwithsh.com/policies/terms","Policy","200","index,follow","https://www.glowwithsh.com/policies/terms","Terms Policy | GlowWithSH","Read the GlowWithSH terms policy and contact the store if you need clarification before ordering.","Terms Policy","Terms Policy","See keyword-map","Initial HTML content + client interface; policy initial HTML is summary","","BreadcrumbList","/images/hero_poster_v2.webp?v=2","No per-page field CWV available","No exact duplicate target in this map; rankings unavailable","Local merchant snapshot; generated metadata; real HTTP sitemap routes independently tested; NOT live deployment audit"
"https://www.glowwithsh.com/policies/faq","Policy","200","index,follow","https://www.glowwithsh.com/policies/faq","Frequently Asked Questions | GlowWithSH","Read the GlowWithSH frequently asked questions and contact the store if you need clarification before ordering.","Frequently Asked Questions","Frequently Asked Questions","See keyword-map","Initial HTML content + client interface; policy initial HTML is summary","","BreadcrumbList","/images/hero_poster_v2.webp?v=2","No per-page field CWV available","No exact duplicate target in this map; rankings unavailable","Local merchant snapshot; generated metadata; real HTTP sitemap routes independently tested; NOT live deployment audit"
"https://www.glowwithsh.com/policies/disclaimer","Policy","200","index,follow","https://www.glowwithsh.com/policies/disclaimer","Skincare Disclaimer | GlowWithSH","Read the GlowWithSH skincare disclaimer and contact the store if you need clarification before ordering.","Skincare Disclaimer","Skincare Disclaimer","See keyword-map","Initial HTML content + client interface; policy initial HTML is summary","","BreadcrumbList","/images/hero_poster_v2.webp?v=2","No per-page field CWV available","No exact duplicate target in this map; rankings unavailable","Local merchant snapshot; generated metadata; real HTTP sitemap routes independently tested; NOT live deployment audit"
"https://www.glowwithsh.com/policies/contact","Policy","200","index,follow","https://www.glowwithsh.com/policies/contact","Contact Information | GlowWithSH","Read the GlowWithSH contact information and contact the store if you need clarification before ordering.","Contact Information","Contact Information","See keyword-map","Initial HTML content + client interface; policy initial HTML is summary","","BreadcrumbList","/images/hero_poster_v2.webp?v=2","No per-page field CWV available","No exact duplicate target in this map; rankings unavailable","Local merchant snapshot; generated metadata; real HTTP sitemap routes independently tested; NOT live deployment audit"
"https://www.glowwithsh.com/shop/category/creams","Category","200","index,follow","https://www.glowwithsh.com/shop/category/creams","Creams | Shop GlowWithSH Skincare","Explore GlowWithSH creams. Compare product details, prices and stock availability before choosing your skincare essentials.","Creams","Creams online India","See keyword-map","Initial HTML content + client interface; policy initial HTML is summary","/product/big-bridal-glow-cream | /product/big-extra-whitening-night-cream | /product/big-day-makeup-look-cream | /product/tinted-day-cream-500-650 | /product/night-extra-whitening-cream | /product/night-bridal-cream | /product/tinted-day-cream-500-550 | /contact | /policies/shipping | /policies/refunds","BreadcrumbList","https://images.unsplash.com/photo-1571781926291-c477ebfd024b?q=80&w=800&auto=format&fit=crop","No per-page field CWV available","No exact duplicate target in this map; rankings unavailable","Local merchant snapshot; generated metadata; real HTTP sitemap routes independently tested; NOT live deployment audit"
"https://www.glowwithsh.com/shop/category/serums","Category","200","index,follow","https://www.glowwithsh.com/shop/category/serums","Serums | Shop GlowWithSH Skincare","Explore GlowWithSH serums. Compare product details, prices and stock availability before choosing your skincare essentials.","Serums","Serums online India","See keyword-map","Initial HTML content + client interface; policy initial HTML is summary","/product/korean-rice-serum-oily-acne | /product/skin-brightening-glowing-serum | /product/booster-serum | /contact | /policies/shipping | /policies/refunds","BreadcrumbList","https://images.unsplash.com/photo-1620916566398-39f1143ab7be?q=80&w=800&auto=format&fit=crop","No per-page field CWV available","No exact duplicate target in this map; rankings unavailable","Local merchant snapshot; generated metadata; real HTTP sitemap routes independently tested; NOT live deployment audit"
"https://www.glowwithsh.com/shop/category/body-care","Category","200","index,follow","https://www.glowwithsh.com/shop/category/body-care","Body Care | Shop GlowWithSH Skincare","Explore GlowWithSH body care. Compare product details, prices and stock availability before choosing your skincare essentials.","Body Care","Body Care online India","See keyword-map","Initial HTML content + client interface; policy initial HTML is summary","/product/advance-body-whitening-cream-100gm | /product/rose-soap | /product/body-whitening-soap | /contact | /policies/shipping | /policies/refunds","BreadcrumbList","https://images.unsplash.com/photo-1556228720-195a672e8a03?q=80&w=800&auto=format&fit=crop","No per-page field CWV available","No exact duplicate target in this map; rankings unavailable","Local merchant snapshot; generated metadata; real HTTP sitemap routes independently tested; NOT live deployment audit"
"https://www.glowwithsh.com/shop/category/face-care","Category","200","index,follow","https://www.glowwithsh.com/shop/category/face-care","Face Care | Shop GlowWithSH Skincare","Explore GlowWithSH face care. Compare product details, prices and stock availability before choosing your skincare essentials.","Face Care","Face Care online India","See keyword-map","Initial HTML content + client interface; policy initial HTML is summary","/product/golden-facewash | /product/combo-all-skin-problems | /product/korean-facial-kit | /product/anti-acne-gel-cooling | /product/skin-whitening-capsule | /product/anti-acne-gel-purifying | /product/sunscreen-spf-50-pa-plus-plus-plus | /contact | /policies/shipping | /policies/refunds","BreadcrumbList","https://images.unsplash.com/photo-1570172619644-dfd03ed5d881?q=80&w=800&auto=format&fit=crop","No per-page field CWV available","No exact duplicate target in this map; rankings unavailable","Local merchant snapshot; generated metadata; real HTTP sitemap routes independently tested; NOT live deployment audit"
"https://www.glowwithsh.com/product/golden-facewash","Product","200","index,follow","https://www.glowwithsh.com/product/golden-facewash","Golden facewash — 100 ml | GlowWithSH","Shop Golden facewash (100 ml) from GlowWithSH for ₹300. Read product details and usage information, and check availability.","Golden facewash","Golden facewash","See keyword-map","Initial HTML content + client interface; policy initial HTML is summary","/contact | /shop/category/face-care | /policies/shipping | /policies/refunds","Product | BreadcrumbList","","No per-page field CWV available","Product intent distinguished from category; existing efficacy/ingredient claims require owner substantiation","Local merchant snapshot; generated metadata; real HTTP sitemap routes independently tested; NOT live deployment audit"
"https://www.glowwithsh.com/product/combo-all-skin-problems","Product","200","index,follow","https://www.glowwithsh.com/product/combo-all-skin-problems","Skincare Combo — Full Routine Kit | GlowWithSH","Shop Skincare Combo (Full Routine Kit) from GlowWithSH for ₹1600. Read product details and usage information, and check availability.","Combo for All skin problems pigmentation / hyperpigmentation / dark circles / uneven skin tone","Combo for All skin problems pigmentation / hyperpigmentation / dark circles / uneven skin tone","See keyword-map","Initial HTML content + client interface; policy initial HTML is summary","/contact | /shop/category/face-care | /policies/shipping | /policies/refunds","Product | BreadcrumbList","","No per-page field CWV available","Product intent distinguished from category; existing efficacy/ingredient claims require owner substantiation","Local merchant snapshot; generated metadata; real HTTP sitemap routes independently tested; NOT live deployment audit"
"https://www.glowwithsh.com/product/big-bridal-glow-cream","Product","200","index,follow","https://www.glowwithsh.com/product/big-bridal-glow-cream","Big Bridal glow cream — 100 g | GlowWithSH","Shop Big Bridal glow cream (100 g) from GlowWithSH for ₹1100. Read product details and usage information, and check availability.","Big Bridal glow cream","Big Bridal glow cream","See keyword-map","Initial HTML content + client interface; policy initial HTML is summary","/contact | /shop/category/creams | /policies/shipping | /policies/refunds","Product | BreadcrumbList","","No per-page field CWV available","Product intent distinguished from category; existing efficacy/ingredient claims require owner substantiation","Local merchant snapshot; generated metadata; real HTTP sitemap routes independently tested; NOT live deployment audit"
"https://www.glowwithsh.com/product/big-extra-whitening-night-cream","Product","200","index,follow","https://www.glowwithsh.com/product/big-extra-whitening-night-cream","Big extra whitening night cream — 100 g | GlowWithSH","Shop Big extra whitening night cream (100 g) from GlowWithSH for ₹950. Read product details and usage information, and check availability.","Big extra whitening night cream","Big extra whitening night cream","See keyword-map","Initial HTML content + client interface; policy initial HTML is summary","/contact | /shop/category/creams | /policies/shipping | /policies/refunds","Product | BreadcrumbList","","No per-page field CWV available","Product intent distinguished from category; existing efficacy/ingredient claims require owner substantiation","Local merchant snapshot; generated metadata; real HTTP sitemap routes independently tested; NOT live deployment audit"
"https://www.glowwithsh.com/product/korean-facial-kit","Product","200","index,follow","https://www.glowwithsh.com/product/korean-facial-kit","Korean facial kit — 4-Step Kit | GlowWithSH","Shop Korean facial kit (4-Step Kit) from GlowWithSH for ₹250. Read product details and usage information, and check availability.","Korean facial kit","Korean facial kit","See keyword-map","Initial HTML content + client interface; policy initial HTML is summary","/contact | /shop/category/face-care | /policies/shipping | /policies/refunds","Product | BreadcrumbList","","No per-page field CWV available","Product intent distinguished from category; existing efficacy/ingredient claims require owner substantiation","Local merchant snapshot; generated metadata; real HTTP sitemap routes independently tested; NOT live deployment audit"
"https://www.glowwithsh.com/product/big-day-makeup-look-cream","Product","200","index,follow","https://www.glowwithsh.com/product/big-day-makeup-look-cream","Big day makeup look cream — 80 g | GlowWithSH","Shop Big day makeup look cream (80 g) from GlowWithSH for ₹1100. Read product details and usage information, and check availability.","Big day makeup look cream","Big day makeup look cream","See keyword-map","Initial HTML content + client interface; policy initial HTML is summary","/contact | /shop/category/creams | /policies/shipping | /policies/refunds","Product | BreadcrumbList","","No per-page field CWV available","Product intent distinguished from category; existing efficacy/ingredient claims require owner substantiation","Local merchant snapshot; generated metadata; real HTTP sitemap routes independently tested; NOT live deployment audit"
"https://www.glowwithsh.com/product/tinted-day-cream-500-650","Product","200","index,follow","https://www.glowwithsh.com/product/tinted-day-cream-500-650","Tinted day cream — 50 g · GW-TDC-01 | GlowWithSH","Shop Tinted day cream (50 g) · GW-TDC-01 from GlowWithSH for ₹500. Read product details and usage information, and check availability.","Tinted day cream","Tinted day cream","See keyword-map","Initial HTML content + client interface; policy initial HTML is summary","/contact | /shop/category/creams | /policies/shipping | /policies/refunds","Product | BreadcrumbList","","No per-page field CWV available","High: duplicate names/sizes; distinct SKU metadata implemented; owner must verify whether variants or duplicate listings","Local merchant snapshot; generated metadata; real HTTP sitemap routes independently tested; NOT live deployment audit"
"https://www.glowwithsh.com/product/night-extra-whitening-cream","Product","200","index,follow","https://www.glowwithsh.com/product/night-extra-whitening-cream","Night extra whitening cream — 50 g | GlowWithSH","Shop Night extra whitening cream (50 g) from GlowWithSH for ₹500. Read product details and usage information, and check availability.","Night extra whitening cream","Night extra whitening cream","See keyword-map","Initial HTML content + client interface; policy initial HTML is summary","/contact | /shop/category/creams | /policies/shipping | /policies/refunds","Product | BreadcrumbList","","No per-page field CWV available","Product intent distinguished from category; existing efficacy/ingredient claims require owner substantiation","Local merchant snapshot; generated metadata; real HTTP sitemap routes independently tested; NOT live deployment audit"
"https://www.glowwithsh.com/product/anti-acne-gel-cooling","Product","200","index,follow","https://www.glowwithsh.com/product/anti-acne-gel-cooling","Anti acne gel — 50 g · GW-AAG-01 | GlowWithSH","Shop Anti acne gel (50 g) · GW-AAG-01 from GlowWithSH for ₹350. Read product details and usage information, and check availability.","Anti acne gel","Anti acne gel","See keyword-map","Initial HTML content + client interface; policy initial HTML is summary","/contact | /shop/category/face-care | /policies/shipping | /policies/refunds","Product | BreadcrumbList","","No per-page field CWV available","High: duplicate names/sizes; distinct SKU metadata implemented; owner must verify whether variants or duplicate listings","Local merchant snapshot; generated metadata; real HTTP sitemap routes independently tested; NOT live deployment audit"
"https://www.glowwithsh.com/product/night-bridal-cream","Product","200","index,follow","https://www.glowwithsh.com/product/night-bridal-cream","Night Bridal cream — 50 g | GlowWithSH","Shop Night Bridal cream (50 g) from GlowWithSH for ₹500. Read product details and usage information, and check availability.","Night Bridal cream","Night Bridal cream","See keyword-map","Initial HTML content + client interface; policy initial HTML is summary","/contact | /shop/category/creams | /policies/shipping | /policies/refunds","Product | BreadcrumbList","","No per-page field CWV available","Product intent distinguished from category; existing efficacy/ingredient claims require owner substantiation","Local merchant snapshot; generated metadata; real HTTP sitemap routes independently tested; NOT live deployment audit"
"https://www.glowwithsh.com/product/korean-rice-serum-oily-acne","Product","200","index,follow","https://www.glowwithsh.com/product/korean-rice-serum-oily-acne","Korean Rice serum (oily & Acne prone skin) — 30 ml | GlowWithSH","Shop Korean Rice serum (oily & Acne prone skin) (30 ml) from GlowWithSH for ₹600. Read product details and usage information, and check availability.","Korean Rice serum (oily & Acne prone skin)","Korean Rice serum (oily & Acne prone skin)","See keyword-map","Initial HTML content + client interface; policy initial HTML is summary","/contact | /shop/category/serums | /policies/shipping | /policies/refunds","Product | BreadcrumbList","","No per-page field CWV available","Product intent distinguished from category; existing efficacy/ingredient claims require owner substantiation","Local merchant snapshot; generated metadata; real HTTP sitemap routes independently tested; NOT live deployment audit"
"https://www.glowwithsh.com/product/skin-brightening-glowing-serum","Product","200","index,follow","https://www.glowwithsh.com/product/skin-brightening-glowing-serum","Skin brightening glowing serum — 30 ml | GlowWithSH","Shop Skin brightening glowing serum (30 ml) from GlowWithSH for ₹600. Read product details and usage information, and check availability.","Skin brightening glowing serum","Skin brightening glowing serum","See keyword-map","Initial HTML content + client interface; policy initial HTML is summary","/contact | /shop/category/serums | /policies/shipping | /policies/refunds","Product | BreadcrumbList","","No per-page field CWV available","Product intent distinguished from category; existing efficacy/ingredient claims require owner substantiation","Local merchant snapshot; generated metadata; real HTTP sitemap routes independently tested; NOT live deployment audit"
"https://www.glowwithsh.com/product/advance-body-whitening-cream-100gm","Product","200","index,follow","https://www.glowwithsh.com/product/advance-body-whitening-cream-100gm","Advance Body Whitening Cream 100g | GlowWithSH","Nourish elbows, knees and sun-exposed limbs with our rich body butter. Deeply hydrate and smooth dry skin with GlowWithSH advance body care formula.","Advance body whitening cream 100gm","Advance body whitening cream 100gm","See keyword-map","Initial HTML content + client interface; policy initial HTML is summary","/contact | /shop/category/body-care | /policies/shipping | /policies/refunds","Product | BreadcrumbList","/uploads/1790791780540-b8f8db02a0e41e73.jpg","No per-page field CWV available","Product intent distinguished from category; existing efficacy/ingredient claims require owner substantiation","Local merchant snapshot; generated metadata; real HTTP sitemap routes independently tested; NOT live deployment audit"
"https://www.glowwithsh.com/product/tinted-day-cream-500-550","Product","200","index,follow","https://www.glowwithsh.com/product/tinted-day-cream-500-550","Tinted day cream — 50 g · GW-TDC-02 | GlowWithSH","Shop Tinted day cream (50 g) · GW-TDC-02 from GlowWithSH for ₹500. Read product details and usage information, and check availability.","Tinted day cream","Tinted day cream","See keyword-map","Initial HTML content + client interface; policy initial HTML is summary","/contact | /shop/category/creams | /policies/shipping | /policies/refunds","Product | BreadcrumbList","","No per-page field CWV available","High: duplicate names/sizes; distinct SKU metadata implemented; owner must verify whether variants or duplicate listings","Local merchant snapshot; generated metadata; real HTTP sitemap routes independently tested; NOT live deployment audit"
"https://www.glowwithsh.com/product/rose-soap","Product","200","index,follow","https://www.glowwithsh.com/product/rose-soap","Rose soap — 100 g | GlowWithSH","Shop Rose soap (100 g) from GlowWithSH for ₹200. Read product details and usage information, and check availability.","Rose soap","Rose soap","See keyword-map","Initial HTML content + client interface; policy initial HTML is summary","/contact | /shop/category/body-care | /policies/shipping | /policies/refunds","Product | BreadcrumbList","","No per-page field CWV available","Product intent distinguished from category; existing efficacy/ingredient claims require owner substantiation","Local merchant snapshot; generated metadata; real HTTP sitemap routes independently tested; NOT live deployment audit"
"https://www.glowwithsh.com/product/skin-whitening-capsule","Product","200","index,follow","https://www.glowwithsh.com/product/skin-whitening-capsule","Skin whitening capsule — 15 Ampoules | GlowWithSH","Shop Skin whitening capsule (15 Ampoules) from GlowWithSH for ₹200. Read product details and usage information, and check availability.","Skin whitening capsule","Skin whitening capsule","See keyword-map","Initial HTML content + client interface; policy initial HTML is summary","/contact | /shop/category/face-care | /policies/shipping | /policies/refunds","Product | BreadcrumbList","","No per-page field CWV available","Product intent distinguished from category; existing efficacy/ingredient claims require owner substantiation","Local merchant snapshot; generated metadata; real HTTP sitemap routes independently tested; NOT live deployment audit"
"https://www.glowwithsh.com/product/anti-acne-gel-purifying","Product","200","index,follow","https://www.glowwithsh.com/product/anti-acne-gel-purifying","Anti acne gel — 50 g · GW-AAG-02 | GlowWithSH","Shop Anti acne gel (50 g) · GW-AAG-02 from GlowWithSH for ₹350. Read product details and usage information, and check availability.","Anti acne gel","Anti acne gel","See keyword-map","Initial HTML content + client interface; policy initial HTML is summary","/contact | /shop/category/face-care | /policies/shipping | /policies/refunds","Product | BreadcrumbList","","No per-page field CWV available","High: duplicate names/sizes; distinct SKU metadata implemented; owner must verify whether variants or duplicate listings","Local merchant snapshot; generated metadata; real HTTP sitemap routes independently tested; NOT live deployment audit"
"https://www.glowwithsh.com/product/sunscreen-spf-50-pa-plus-plus-plus","Product","200","index,follow","https://www.glowwithsh.com/product/sunscreen-spf-50-pa-plus-plus-plus","sunscreen SPF 50PA+++ — 50 ml | GlowWithSH","Shop sunscreen SPF 50PA+++ (50 ml) from GlowWithSH for ₹500. Read product details and usage information, and check availability.","sunscreen SPF 50PA+++","sunscreen SPF 50PA+++","See keyword-map","Initial HTML content + client interface; policy initial HTML is summary","/contact | /shop/category/face-care | /policies/shipping | /policies/refunds","Product | BreadcrumbList","","No per-page field CWV available","Product intent distinguished from category; existing efficacy/ingredient claims require owner substantiation","Local merchant snapshot; generated metadata; real HTTP sitemap routes independently tested; NOT live deployment audit"
"https://www.glowwithsh.com/product/body-whitening-soap","Product","200","index,follow","https://www.glowwithsh.com/product/body-whitening-soap","Body whitening soap — 100 g | GlowWithSH","Shop Body whitening soap (100 g) from GlowWithSH for ₹200. Read product details and usage information, and check availability.","Body whitening soap","Body whitening soap","See keyword-map","Initial HTML content + client interface; policy initial HTML is summary","/contact | /shop/category/body-care | /policies/shipping | /policies/refunds","Product | BreadcrumbList","","No per-page field CWV available","Product intent distinguished from category; existing efficacy/ingredient claims require owner substantiation","Local merchant snapshot; generated metadata; real HTTP sitemap routes independently tested; NOT live deployment audit"
"https://www.glowwithsh.com/product/booster-serum","Product","200","index,follow","https://www.glowwithsh.com/product/booster-serum","Booster serum — 30 ml | GlowWithSH","Shop Booster serum (30 ml) from GlowWithSH for ₹250. Read product details and usage information, and check availability.","Booster serum","Booster serum","See keyword-map","Initial HTML content + client interface; policy initial HTML is summary","/contact | /shop/category/serums | /policies/shipping | /policies/refunds","Product | BreadcrumbList","","No per-page field CWV available","Product intent distinguished from category; existing efficacy/ingredient claims require owner substantiation","Local merchant snapshot; generated metadata; real HTTP sitemap routes independently tested; NOT live deployment audit"
"https://www.glowwithsh.com/journal/the-evening-ritual-caring-for-indian-skin","Article","200","index,follow","https://www.glowwithsh.com/journal/the-evening-ritual-caring-for-indian-skin","The Evening Ritual: Caring for Indian Skin with Nourishing Textures | GlowWithSH Journal","How thoughtful night routines soothe daily pollution exposure and awaken radiant bounce.","The Evening Ritual: Caring for Indian Skin with Nourishing Textures","The Evening Ritual: Caring for Indian Skin with Nourishing Textures","See keyword-map","Initial HTML content + client interface; policy initial HTML is summary","","Article | BreadcrumbList","https://images.unsplash.com/photo-1522337360788-8b13dee7a37e?q=80&w=800&auto=format&fit=crop","No per-page field CWV available","No exact duplicate target in this map; rankings unavailable","Local merchant snapshot; generated metadata; real HTTP sitemap routes independently tested; NOT live deployment audit"
"https://www.glowwithsh.com/journal/decoding-serums-rice-vs-vitamin-actives","Article","200","index,follow","https://www.glowwithsh.com/journal/decoding-serums-rice-vs-vitamin-actives","Decoding Serums: When to Choose Rice vs. Vitamin Enriched Actives | GlowWithSH Journal","Understand which concentrated drop your skin craves based on weather, oiliness, and texture.","Decoding Serums: When to Choose Rice vs. Vitamin Enriched Actives","Decoding Serums: When to Choose Rice vs. Vitamin Enriched Actives","See keyword-map","Initial HTML content + client interface; policy initial HTML is summary","","Article | BreadcrumbList","https://images.unsplash.com/photo-1620916566398-39f1143ab7be?q=80&w=800&auto=format&fit=crop","No per-page field CWV available","No exact duplicate target in this map; rankings unavailable","Local merchant snapshot; generated metadata; real HTTP sitemap routes independently tested; NOT live deployment audit"
"https://www.glowwithsh.com/journal/bridal-glow-timeline-preparing-canvas","Article","200","index,follow","https://www.glowwithsh.com/journal/bridal-glow-timeline-preparing-canvas","Bridal Glow Timeline: Preparing Your Canvas for Milestone Moments | GlowWithSH Journal","A measured, gentle roadmap to milestone radiance without harsh treatments or last-minute panic.","Bridal Glow Timeline: Preparing Your Canvas for Milestone Moments","Bridal Glow Timeline: Preparing Your Canvas for Milestone Moments","See keyword-map","Initial HTML content + client interface; policy initial HTML is summary","","Article | BreadcrumbList","https://images.unsplash.com/photo-1598440947619-2c35fc9aa908?q=80&w=800&auto=format&fit=crop","No per-page field CWV available","No exact duplicate target in this map; rankings unavailable","Local merchant snapshot; generated metadata; real HTTP sitemap routes independently tested; NOT live deployment audit"
"https://www.glowwithsh.com/cart","Brand / navigation","200","noindex,follow","https://www.glowwithsh.com/cart","GlowWithSH","The page could not be found. Browse GlowWithSH skincare and beauty products.","GlowWithSH","GlowWithSH","See keyword-map","Initial HTML content + client interface; policy initial HTML is summary","","","/images/hero_poster_v2.webp?v=2","No per-page field CWV available","No exact duplicate target in this map; rankings unavailable","Local merchant snapshot; generated metadata; real HTTP sitemap routes independently tested; NOT live deployment audit"
"https://www.glowwithsh.com/checkout","Brand / navigation","200","noindex,follow","https://www.glowwithsh.com/checkout","GlowWithSH","The page could not be found. Browse GlowWithSH skincare and beauty products.","GlowWithSH","GlowWithSH","See keyword-map","Initial HTML content + client interface; policy initial HTML is summary","","","/images/hero_poster_v2.webp?v=2","No per-page field CWV available","No exact duplicate target in this map; rankings unavailable","Local merchant snapshot; generated metadata; real HTTP sitemap routes independently tested; NOT live deployment audit"
"https://www.glowwithsh.com/admin","Brand / navigation","200","noindex,follow","https://www.glowwithsh.com/admin","GlowWithSH","The page could not be found. Browse GlowWithSH skincare and beauty products.","GlowWithSH","GlowWithSH","See keyword-map","Initial HTML content + client interface; policy initial HTML is summary","","","/images/hero_poster_v2.webp?v=2","No per-page field CWV available","No exact duplicate target in this map; rankings unavailable","Local merchant snapshot; generated metadata; real HTTP sitemap routes independently tested; NOT live deployment audit"
"https://www.glowwithsh.com/wishlist","Brand / navigation","200","noindex,follow","https://www.glowwithsh.com/wishlist","GlowWithSH","The page could not be found. Browse GlowWithSH skincare and beauty products.","GlowWithSH","GlowWithSH","See keyword-map","Initial HTML content + client interface; policy initial HTML is summary","","","/images/hero_poster_v2.webp?v=2","No per-page field CWV available","No exact duplicate target in this map; rankings unavailable","Local merchant snapshot; generated metadata; real HTTP sitemap routes independently tested; NOT live deployment audit"
"https://www.glowwithsh.com/track-order","Brand / navigation","200","noindex,follow","https://www.glowwithsh.com/track-order","GlowWithSH","The page could not be found. Browse GlowWithSH skincare and beauty products.","GlowWithSH","GlowWithSH","See keyword-map","Initial HTML content + client interface; policy initial HTML is summary","","","/images/hero_poster_v2.webp?v=2","No per-page field CWV available","No exact duplicate target in this map; rankings unavailable","Local merchant snapshot; generated metadata; real HTTP sitemap routes independently tested; NOT live deployment audit"
"https://www.glowwithsh.com/quiz","Brand / navigation","200","noindex,follow","https://www.glowwithsh.com/quiz","GlowWithSH","The page could not be found. Browse GlowWithSH skincare and beauty products.","GlowWithSH","GlowWithSH","See keyword-map","Initial HTML content + client interface; policy initial HTML is summary","","","/images/hero_poster_v2.webp?v=2","No per-page field CWV available","No exact duplicate target in this map; rankings unavailable","Local merchant snapshot; generated metadata; real HTTP sitemap routes independently tested; NOT live deployment audit"
"https://www.glowwithsh.com/nonexistent-audit-page","Brand / navigation","404","noindex,follow","https://www.glowwithsh.com/nonexistent-audit-page","Page Not Found | GlowWithSH","The page could not be found. Browse GlowWithSH skincare and beauty products.","Page Not Found","Page Not Found","See keyword-map","Initial HTML content + client interface; policy initial HTML is summary","","","/images/hero_poster_v2.webp?v=2","No per-page field CWV available","No exact duplicate target in this map; rankings unavailable","Local merchant snapshot; generated metadata; real HTTP sitemap routes independently tested; NOT live deployment audit"
